track_genre,popularity,duration_ms,explicit,danceability,energy,key,loudness,mode,speechiness,acousticness,instrumentalness,liveness,valence,tempo,time_signature
acoustic,43.246,214887.266,0.056,0.551,0.44,5.098,-9.443,0.813,0.043,0.56,0.039,0.155,0.427,118.977,3.894
afrobeat,24.59,248380.608,0.017,0.668,0.702,5.547,-7.808,0.506,0.086,0.267,0.26,0.183,0.698,118.712,3.948
alt-rock,38.803,236604.36,0.057,0.538,0.743,5.641,-6.349,0.625,0.055,0.134,0.056,0.216,0.517,124.332,3.943
alternative,35.871,211357.085,0.317,0.612,0.691,5.442,-6.101,0.54,0.094,0.183,0.019,0.207,0.488,119.572,3.929
ambient,44.929,236095.845,0.006,0.366,0.235,4.969,-18.765,0.615,0.042,0.776,0.683,0.128,0.166,110.568,3.648
anime,48.736,209012.732,0.058,0.538,0.668,5.319,-8.12,0.504,0.089,0.275,0.274,0.197,0.431,123.269,3.922
black-metal,22.409,310430.977,0.131,0.295,0.875,5.398,-6.528,0.59,0.087,0.027,0.444,0.241,0.191,128.786,3.828
bluegrass,25.743,222260.235,0.005,0.535,0.532,5.513,-9.913,0.853,0.039,0.558,0.136,0.229,0.638,126.58,3.909
blues,39.16,236325.922,0.018,0.566,0.597,5.292,-8.359,0.68,0.063,0.324,0.044,0.179,0.575,119.401,3.883
brazil,44.794,274916.076,0.091,0.564,0.611,5.467,-7.636,0.697,0.097,0.342,0.012,0.288,0.463,121.579,3.954
breakbeat,20.028,318175.719,0.045,0.648,0.851,5.632,-6.085,0.597,0.086,0.031,0.4,0.218,0.475,132.877,3.99
british,44.584,216964.041,0.036,0.497,0.489,4.933,-10.845,0.682,0.05,0.443,0.213,0.175,0.425,118.348,3.835
cantopop,34.814,228843.509,0.002,0.548,0.461,5.14,-9.662,0.77,0.039,0.535,0.013,0.191,0.394,124.182,3.919
chicago-house,12.047,367583.087,0.017,0.767,0.733,5.782,-9.163,0.505,0.075,0.034,0.487,0.137,0.59,124.132,3.989
children,34.503,137848.026,0.0,0.714,0.494,4.496,-9.533,0.857,0.103,0.504,0.063,0.182,0.687,122.615,3.893
chill,55.297,168263.298,0.185,0.664,0.429,5.39,-10.534,0.621,0.107,0.535,0.182,0.166,0.406,115.604,3.943
classical,14.619,242911.444,0.0,0.388,0.203,5.123,-19.835,0.753,0.053,0.916,0.586,0.172,0.394,108.556,3.698
club,33.202,206634.541,0.092,0.606,0.725,5.191,-6.914,0.667,0.097,0.158,0.356,0.202,0.372,123.887,3.946
comedy,24.574,224745.708,0.658,0.578,0.703,5.05,-10.423,0.717,0.761,0.726,0.0,0.664,0.455,100.885,3.602
country,25.193,206090.499,0.047,0.561,0.63,5.513,-7.066,0.89,0.044,0.286,0.004,0.179,0.53,124.325,3.911
dance,36.624,201669.806,0.197,0.682,0.701,5.093,-5.547,0.485,0.09,0.134,0.013,0.168,0.523,118.931,3.997
dancehall,36.134,199467.228,0.324,0.726,0.691,5.433,-6.111,0.5,0.197,0.219,0.008,0.163,0.636,114.147,4.089
death-metal,31.959,245001.709,0.259,0.369,0.932,5.27,-5.394,0.618,0.113,0.007,0.277,0.25,0.253,123.338,3.881
deep-house,45.92,223214.895,0.027,0.709,0.746,5.708,-6.944,0.484,0.062,0.103,0.253,0.169,0.439,121.083,3.98
detroit-techno,11.264,378407.857,0.008,0.724,0.708,5.856,-11.07,0.506,0.074,0.066,0.712,0.154,0.465,126.5,3.985
disco,33.833,243290.264,0.007,0.675,0.747,5.494,-7.269,0.617,0.064,0.165,0.061,0.195,0.69,124.182,3.959
disney,27.344,155675.758,0.001,0.459,0.298,4.466,-15.11,0.787,0.074,0.75,0.375,0.17,0.37,112.215,3.807
drum-and-bass,26.241,279726.373,0.028,0.534,0.876,5.273,-4.176,0.468,0.093,0.027,0.381,0.226,0.321,154.926,4.006
dub,40.062,231019.963,0.088,0.58,0.713,5.319,-6.07,0.582,0.102,0.12,0.093,0.195,0.389,128.243,3.975
dubstep,39.488,223469.673,0.117,0.533,0.778,5.405,-4.811,0.517,0.104,0.111,0.128,0.214,0.249,130.977,3.951
edm,48.954,192391.108,0.12,0.655,0.745,5.685,-5.521,0.555,0.076,0.13,0.053,0.198,0.459,122.665,3.966
electro,46.111,196424.963,0.217,0.663,0.607,5.288,-6.889,0.576,0.081,0.32,0.062,0.188,0.462,118.926,3.947
electronic,44.146,232121.318,0.129,0.659,0.694,5.36,-7.216,0.533,0.08,0.178,0.232,0.191,0.401,123.577,3.961
emo,49.282,188937.153,0.501,0.602,0.671,5.336,-6.767,0.63,0.117,0.184,0.028,0.188,0.444,127.039,3.96
folk,42.546,274743.912,0.004,0.57,0.559,5.126,-8.843,0.717,0.066,0.489,0.038,0.183,0.503,118.302,3.715
forro,41.99,190273.445,0.019,0.65,0.79,5.288,-5.102,0.667,0.057,0.4,0.001,0.297,0.76,140.183,3.989
french,40.044,204691.85,0.258,0.652,0.595,5.412,-8.725,0.479,0.143,0.359,0.12,0.176,0.455,117.91,3.926
funk,41.012,210740.532,0.414,0.727,0.624,5.528,-5.98,0.497,0.201,0.331,0.007,0.186,0.616,122.304,4.075
garage,40.775,197496.415,0.097,0.478,0.75,5.548,-6.533,0.661,0.066,0.167,0.195,0.209,0.528,127.476,3.954
german,35.69,212995.997,0.193,0.537,0.56,5.223,-10.537,0.562,0.117,0.318,0.262,0.206,0.375,119.298,3.894
gospel,39.713,302142.585,0.0,0.478,0.575,5.164,-7.187,0.82,0.042,0.379,0.004,0.299,0.333,124.96,3.919
goth,28.696,254339.938,0.067,0.483,0.729,5.185,-7.206,0.561,0.074,0.178,0.106,0.235,0.46,124.677,3.937
grindcore,14.542,133080.788,0.148,0.272,0.927,5.209,-6.16,0.629,0.138,0.008,0.537,0.283,0.215,119.549,3.802
groove,35.571,271878.672,0.135,0.546,0.729,5.374,-6.624,0.596,0.078,0.179,0.116,0.258,0.401,123.494,3.934
grunge,49.764,236639.923,0.074,0.447,0.809,5.044,-5.685,0.672,0.062,0.044,0.045,0.233,0.401,130.406,3.905
guitar,28.868,221991.416,0.001,0.547,0.344,5.101,-13.299,0.682,0.051,0.764,0.474,0.154,0.454,111.798,3.774
happy,21.599,241711.5,0.127,0.552,0.911,5.76,-5.378,0.569,0.12,0.058,0.26,0.286,0.332,152.834,3.973
hard-rock,46.098,247377.536,0.046,0.48,0.815,5.582,-6.446,0.628,0.073,0.078,0.044,0.229,0.516,127.904,3.977
hardcore,37.12,207948.832,0.379,0.548,0.842,5.514,-5.686,0.584,0.163,0.064,0.043,0.237,0.519,123.269,3.971
hardstyle,27.81,224730.56,0.102,0.536,0.901,5.74,-4.321,0.469,0.124,0.053,0.125,0.256,0.32,146.824,3.965
heavy-metal,26.198,252392.615,0.086,0.43,0.875,5.411,-5.735,0.591,0.075,0.014,0.085,0.284,0.391,127.078,3.949
hip-hop,52.671,212657.135,0.227,0.711,0.699,5.405,-6.072,0.456,0.139,0.224,0.014,0.197,0.548,119.474,3.969
honky-tonk,16.0,162374.558,0.0,0.576,0.375,5.025,-11.686,0.962,0.037,0.705,0.066,0.196,0.638,115.853,3.813
house,50.561,193490.102,0.245,0.706,0.713,5.02,-5.715,0.541,0.081,0.121,0.066,0.174,0.475,124.651,3.98
idm,15.289,265827.165,0.015,0.531,0.562,5.163,-12.366,0.574,0.075,0.372,0.688,0.17,0.312,123.16,3.853
indian,50.189,240078.418,0.022,0.585,0.552,5.086,-9.069,0.703,0.068,0.515,0.035,0.176,0.449,115.195,3.902
indie,41.215,217968.344,0.065,0.591,0.602,5.634,-7.792,0.602,0.065,0.381,0.07,0.19,0.46,119.333,3.796
indie-pop,47.587,203519.791,0.135,0.6,0.54,5.303,-8.327,0.738,0.069,0.403,0.03,0.172,0.461,121.072,3.887
industrial,31.949,252795.849,0.233,0.541,0.851,5.452,-6.24,0.637,0.086,0.042,0.2,0.238,0.427,126.899,3.954
iranian,2.178,320990.304,0.076,0.3,0.549,5.182,-13.004,0.548,0.093,0.412,0.585,0.193,0.155,114.639,3.729
j-dance,25.28,196127.096,0.376,0.679,0.711,5.201,-6.032,0.55,0.214,0.222,0.034,0.185,0.581,115.465,4.055
j-idol,24.633,256246.936,0.0,0.549,0.869,5.097,-3.762,0.725,0.07,0.149,0.035,0.231,0.579,135.899,3.985
j-pop,41.82,241932.774,0.006,0.57,0.683,5.248,-6.405,0.728,0.057,0.293,0.014,0.208,0.571,123.927,3.941
j-rock,36.633,245123.321,0.024,0.512,0.722,5.329,-6.459,0.662,0.061,0.212,0.033,0.221,0.552,127.84,3.931
jazz,22.271,212793.97,0.0,0.531,0.319,5.151,-12.913,0.669,0.053,0.705,0.19,0.165,0.451,114.353,3.837
k-pop,58.649,259609.538,0.012,0.643,0.678,5.238,-6.614,0.48,0.082,0.314,0.009,0.178,0.575,119.243,3.907
kids,15.116,156765.862,0.011,0.786,0.609,5.092,-8.295,0.733,0.16,0.24,0.02,0.17,0.682,121.214,3.944
latin,12.801,209706.525,0.104,0.71,0.721,5.434,-5.19,0.545,0.092,0.198,0.004,0.18,0.623,122.018,3.947
latino,51.658,206404.769,0.336,0.752,0.705,5.466,-5.76,0.577,0.124,0.225,0.011,0.172,0.628,122.728,3.974
malay,30.291,256738.461,0.035,0.627,0.577,5.107,-8.353,0.562,0.081,0.409,0.009,0.175,0.504,119.389,3.763
mandopop,44.864,251553.098,0.005,0.547,0.508,5.227,-7.957,0.761,0.04,0.469,0.003,0.157,0.355,124.024,3.951
metal,55.207,253317.241,0.253,0.481,0.833,5.305,-5.162,0.569,0.082,0.04,0.057,0.209,0.417,130.331,3.908
metalcore,43.444,227118.626,0.263,0.421,0.901,5.082,-4.665,0.514,0.111,0.017,0.032,0.264,0.324,129.486,3.936
minimal-techno,33.32,376597.816,0.004,0.733,0.687,5.492,-9.734,0.55,0.063,0.068,0.747,0.136,0.284,124.903,3.953
mpb,41.011,228786.098,0.007,0.576,0.563,5.597,-9.287,0.693,0.059,0.454,0.015,0.354,0.556,118.616,3.914
new-age,29.357,304139.871,0.003,0.348,0.219,4.736,-18.465,0.629,0.046,0.815,0.708,0.21,0.184,108.15,3.721
opera,24.958,227231.405,0.0,0.307,0.285,5.088,-14.411,0.75,0.048,0.851,0.148,0.23,0.213,104.353,3.685
pagode,45.607,233461.858,0.013,0.562,0.716,5.273,-7.388,0.697,0.063,0.564,0.0,0.566,0.697,126.752,4.0
party,24.468,198612.826,0.054,0.673,0.866,5.425,-4.459,0.763,0.085,0.089,0.001,0.283,0.676,131.122,3.959
piano,49.529,197392.226,0.011,0.458,0.299,4.994,-18.533,0.736,0.047,0.729,0.568,0.146,0.315,115.792,3.757
pop,57.072,221901.753,0.064,0.598,0.598,5.54,-6.966,0.494,0.082,0.388,0.007,0.165,0.472,119.977,3.889
pop-film,59.02,283604.33,0.001,0.59,0.6,5.338,-7.87,0.567,0.062,0.454,0.008,0.167,0.527,117.176,3.889
power-pop,26.232,183710.812,0.037,0.47,0.808,5.145,-6.641,0.787,0.06,0.085,0.066,0.224,0.614,135.037,3.968
progressive-house,46.623,206883.144,0.061,0.617,0.824,5.241,-5.471,0.455,0.075,0.056,0.218,0.223,0.354,126.124,3.991
psych-rock,42.703,246797.258,0.016,0.495,0.567,5.209,-10.441,0.605,0.049,0.341,0.102,0.229,0.542,120.019,3.89
punk,41.912,221463.768,0.188,0.51,0.774,5.331,-6.016,0.757,0.062,0.158,0.037,0.184,0.563,134.701,3.934
punk-rock,40.527,221448.486,0.083,0.52,0.801,5.054,-6.185,0.712,0.061,0.088,0.035,0.245,0.589,130.718,3.965
r-n-b,43.249,211077.928,0.142,0.649,0.603,5.409,-7.166,0.706,0.091,0.42,0.005,0.216,0.67,121.032,3.796
reggae,29.704,221240.662,0.113,0.718,0.693,5.789,-5.943,0.599,0.11,0.206,0.002,0.212,0.674,125.024,4.007
reggaeton,44.429,241419.071,0.232,0.745,0.734,5.321,-6.024,0.536,0.149,0.191,0.001,0.166,0.675,121.195,4.0
rock,27.612,229332.483,0.043,0.558,0.666,4.991,-7.028,0.647,0.062,0.214,0.021,0.184,0.52,123.559,3.957
rock-n-roll,36.144,176187.571,0.003,0.547,0.517,4.967,-9.425,0.817,0.045,0.532,0.014,0.234,0.665,119.745,3.85
rockabilly,30.739,178418.154,0.011,0.562,0.709,5.51,-7.823,0.762,0.055,0.349,0.027,0.222,0.729,126.666,3.914
romance,3.715,199577.766,0.004,0.433,0.301,5.241,-13.07,0.359,0.065,0.865,0.054,0.213,0.398,109.718,3.691
sad,51.726,151637.747,0.509,0.701,0.474,5.265,-9.844,0.623,0.135,0.448,0.079,0.163,0.441,118.947,3.984
salsa,28.853,273971.653,0.002,0.668,0.72,5.119,-6.96,0.618,0.057,0.468,0.013,0.183,0.809,120.623,3.986
samba,37.622,227660.323,0.0,0.568,0.698,5.135,-8.107,0.674,0.092,0.488,0.004,0.463,0.707,116.162,3.98
sertanejo,47.937,201532.476,0.005,0.594,0.707,5.387,-5.336,0.857,0.065,0.431,0.0,0.471,0.614,126.083,3.867
show-tunes,31.402,207794.594,0.02,0.469,0.402,4.97,-10.456,0.76,0.115,0.646,0.019,0.22,0.383,114.084,3.795
singer-songwriter,50.149,216527.797,0.066,0.561,0.42,5.26,-9.81,0.846,0.052,0.567,0.034,0.148,0.38,123.377,3.831
ska,35.885,222776.623,0.022,0.592,0.798,5.408,-6.185,0.7,0.073,0.134,0.017,0.288,0.719,128.902,3.976
sleep,35.801,189040.356,0.0,0.167,0.354,4.882,-24.445,0.7,0.056,0.662,0.725,0.364,0.056,85.222,3.149
soul,42.907,215571.876,0.254,0.641,0.532,5.192,-8.152,0.575,0.076,0.357,0.029,0.161,0.459,114.565,3.953
spanish,39.842,233769.289,0.041,0.598,0.706,5.334,-6.614,0.644,0.092,0.271,0.016,0.23,0.548,122.91,3.935
study,26.385,141760.317,0.0,0.686,0.412,5.453,-10.824,0.5,0.099,0.529,0.788,0.163,0.4,111.662,3.938
swedish,38.984,206011.2,0.116,0.601,0.633,5.461,-7.688,0.713,0.073,0.317,0.018,0.191,0.568,122.998,3.959
synth-pop,36.736,247657.157,0.035,0.61,0.725,4.79,-8.086,0.615,0.048,0.145,0.089,0.191,0.564,122.311,3.979
tango,20.227,182960.434,0.0,0.544,0.373,4.908,-10.207,0.482,0.082,0.843,0.143,0.233,0.59,114.836,3.806
techno,39.429,319854.12,0.025,0.687,0.772,5.334,-8.066,0.571,0.061,0.057,0.563,0.159,0.342,129.222,3.959
trance,38.108,297153.47,0.014,0.577,0.849,5.749,-6.555,0.51,0.078,0.032,0.527,0.248,0.251,135.893,3.949
trip-hop,33.963,277070.029,0.046,0.645,0.62,5.49,-9.354,0.498,0.078,0.227,0.387,0.196,0.482,119.26,3.933
turkish,40.845,219608.284,0.25,0.625,0.619,5.573,-8.149,0.333,0.115,0.308,0.026,0.183,0.472,121.144,3.94
world-music,41.399,296327.388,0.0,0.408,0.532,5.236,-9.886,0.848,0.043,0.308,0.116,0.261,0.247,120.348,3.832
