track_id,track_name,artist,genre,community_id,genius_title,genius_artist,language,lyrics_preview
5HmqzCeCdZFF20jqI6p73T,No Chance to Bloom,Modern Guns,punk,2,No Chance to Bloom (feat. Ijal Bulb),Modern Guns,en,"You said it was fate that we crossed our paths
But I wish fate’s just some kind of practical math
Where there's a certain answer to every equation
So then I'll figure it out, if we indeed have to cros..."
4FRqM1mahmNdLOT9OQOr8q,Heads Will Roll - A-Trak Remix,Yeah Yeah Yeahs,punk,2,Heads Will Roll (A-Trak Remix),Yeah Yeah Yeahs,en,"Glitter on the wet streets
Silver over everything
The river's all wet
You're all chrome (Oh)

Dripping with alchemy
Shiver stop shivering
The glitter's all wet
You're all chrome

The men cry out, the ..."
53xKlevoXT2OIdDQx3KDl1,96 Tears,? & The Mysterians,punk,2,96 Tears,? and the Mysterians,en,"Too many teardrops
For one heart to be cryin'
Too many teardrops
For one heart to carry on

You're way on top now
Since you left me
You're always laughin'
Way down at me

But watch out now
I'm gonna g..."
74SUn8w4lYSwgOGPvVZiEo,Gallowdance,Lebanon Hanover,punk,2,Gallowdance,Lebanon Hanover,en,"Dance with me the gallowdance
As long as we, as long as we're not hanging
As long as we still can, my love
We both know the string is always ready

Dance with me the gallowdance
For all the degradatio..."
4KacUpvbA3Mfo05gttTjhN,Fat Lip,Sum 41,punk,2,Fat Lip,Sum 41,en,"Stormin' through the party like my name was El Niño
When I'm hangin' out drinkin' in the back of an El Camino
As a kid,
 was a skid, and no one knew me by name
Trashed my own house party 
'cause nobod..."
0Qx3WZTUUmcyKR5jCDWojv,21st Century Breakdown,Green Day,punk,2,21st Century Breakdown,Green Day,en,"Born into Nixon, I was raised in Hell
A welfare child where the teamsters dwelled
The last one born and the first one to run
My town was blind from refinery sun

My generation is zero
I never made it ..."
5taYc1q2cpXe2xUuZAVAr7,I Had A Heart,Real Friends,punk,2,I Had A Heart,Real Friends,en,"I walk on this frozen lake
Hoping to hit a spot that's weaker than I was
A year a half ago
I remember how Christmas used to be
Before she spat me out
And left me to roam this empty place
If I ran to t..."
6otiaV2fagE3s8IvP6WkwG,I'm Just a Kid,Simple Plan,punk,2,I’m Just a Kid,Simple Plan,en,"I woke up, it was seven, I waited 'til eleven
Just to figure out that no one would call
I think I've got a lot of friends, but I don't hear from them
What's another night all alone?

When you're spend..."
2kMjk14RmYyYhhSbipoa9U,The Sharpest Lives,My Chemical Romance,punk,2,The Sharpest Lives,My Chemical Romance,en,"Well, it rains and it pours when you're out on your own
If I crash on the couch, can I sleep in my clothes?
'Cause I've spent the night dancing, I'm drunk, I suppose
If it looks like I'm laughing, I'm..."
1ibeKVCiXORhvUpMmtsQWq,Pieces,Sum 41,punk,2,Pieces,Sum 41,en,"I tried to be perfect, but nothin' was worth it
I don't believe it makes me real
I thought it'd be easy, but no one believes me
I meant all the things I said

If you believe it's in my soul
I'd say al..."
5773KSWFzg9kCc8yazjbSt,Deceptacon,Le Tigre,punk,2,Deceptacon,Le Tigre,en,"Who took the bomp?

Every day and night, every day and night
I can see your disco, disco dick is sucking my heart out of my mind
I'm outta time, I'm outta fuckin' time
I'm a gasoline gut with a Vaseli..."
3l9CW99AHtExIRV4hW2N5m,Misery Business,Paramore,punk,2,Misery Business,Paramore,en,"Hit that, hit that snare

I'm in the business of misery, let's take it from the top
She's got a body like an hourglass, it's ticking like a clock
It's a matter of time before we all run out
When I tho..."
5jzma6gCzYtKB1DbEwFZKH,London Calling - Remastered,The Clash,punk,2,London Calling,The Clash,en,"London calling to the faraway towns
Now war is declared and battle come down
London calling to the underworld
Come out of the cupboard, ya boys and girls
London calling, now don't look to us
Phony Bea..."
3NgApo4U2gMHh0TKXntZRq,Making Christmas,Rise Against,punk,2,Making Christmas,Rise Against,en,"This time
This time
Making Christmas
Making Christmas (making Christmas)
Making Christmas
Making Christmas
Is so fine
It's ours this time
And won't the children be surprised
It's ours this time
Making..."
4fj1VEtbV7GqxLiNbobwps,My Possession,Ministry,industrial,2,My Possession,Ministry,en,"Hanging and banging and cussing and bitching
And scratching and twitching at my demand
Grabbing and poking and bruising and choking
I'm sprinkled, I'm tinkled, I'm losing my man

I found a new way
I f..."
44sysRf8MTsUDDAXVhjwG7,Divide and Conquer,Prong,industrial,2,Divide and Conquer,Prong,en,"There's no relief
There's just regret
Want to forget
Just can't believe
Really don't want any part of this
Just another bad experience
But what's positive or negative
Maybe it's all just relative
You ..."
6hpW7LwyU22cfc7qtFrUTF,What You Are,Sevendust,industrial,2,What You Are,Sevendust,en,"And now for something to see
Watch them gather around
We are the hole that we made
Watch the world burn down
Say what you want, what you want
Give it back to you
What you say, what you feel
Give it ba..."
77L7IkqBv11gA6HNtY6Cka,"Cassandra, Pt II",Area 11,industrial,2,Cassandra (pt II),Area 11,en,"Still, although it doesn’t really matter now
I can’t believe it, that I got so far
I got so far behind, my love
You use me and I use you
I, your savior; you, my muse
The best friend that you’ve been t..."
1J8tZR0ZeunPtPGZzdnP5S,Waterhaul,36 Crazyfists,industrial,2,Waterhaul,36 Crazyfists,en,"Press skin into skin
Just a fraction to gather the senses
Still locking in mine, design
Just a scrape to uncover the evidence
You won't remove me, not anymore
So here we are, now it's obvious
Candle l..."
154kbDHzD3v69qUOxBtnDA,Cuts You Up,Static-X,industrial,2,Cuts You Up,Static-X,en,"I make no apologies
For the past I had to live
Through it all to get
Where I am, fuck it all
If you don't like what I am
Then don't you look at me
Who ever made you a god?
Who ever gave you the right
..."
4HYDEQcel9mdWn6BKVW7CG,The Break,Cold,industrial,2,The Break,Cold Kingdom,en,"Open doors and broken windows
We've been down this road before
So say you will or say you won't
You're killing time, it won't be long

We won't bend 'til we break, 'til we break, No

Bet you'd never t..."
7e0s9v16WhjWLU5pPLxgdZ,The Lunatics Have Taken Over the Asylum,Collide,industrial,2,The Lunatics Have Taken Over The Asylum,Collide,en,"I see a clinic full of cynics
Who want to twist the people's wrist
They're watching every move we make
We're all included on the list
The lunatics have taken over the asylum
The lunatics have taken ov..."
0J0AeuBkJeDOKNT2mslSZr,Circling Overland,Front 242,industrial,2,Circling Overland,Front 242,en,"1-1-2029, the stars are shining bright
Nerves connected to the center, we are tied to the machine
Invisible and silent, circling overland
The planemakers designed it to outturn and outmaneuver
Intrude..."
43C4RgVHrAGuEtz9uRl93u,Bernadette,IAMX,industrial,2,Bernadette,IAMX,en,"You and me in our playhouse
Living in a veil, we never need to go without
Memories bring no joy or peace
We are alone, and all we need

Tuning out of the poison
Every waking day intolerance to overcom..."
0OSyytXWtlGrjXpeta3Idg,Witness,Mindless Self Indulgence,industrial,2,Witness,Mindless Self Indulgence,en,"Son of a bitch
God likes me
I am the best
Fuck everybody else
Suck on my dick
I’m perfect
I am the best
Fuck everybody else
(God likes me)

I need a witness to my life it wasn’t this way all the time
..."
3clE54rWhDEpNi7iw5OjaY,Sara's Mask,CKY,industrial,2,Sara’s Mask,CKY,en,"The first time I saw you I thought that I'd
Just make another
And then I realized that in life you were
Just another mirror
The first words you spoke were the ones that I
Vaguely remember
But tied in ..."
2naBVHNHinneXOYmczG7xE,Killing Strangers,Marilyn Manson,industrial,2,Killing Strangers,Marilyn Manson,en,"This world doesn't need no opera
We're here for the operation
We don't need a bigger knife (Bigger knife)
'Cause we got guns
We got guns, we got guns (We got guns)
We got guns, you better run (Better ..."
3XgnTlLJymGvu9q18AgUt4,In the Air Tonight,Nonpoint,industrial,2,In the Air Tonight,Nonpoint,en,"I can feel it coming in the air tonight
Oh, lord
And I've been waiting for this moment for all my life
Oh, lord, oh, lord

Well, if you told me you were drownin'
I would not lend a hand
I've seen your..."
6iXYjQAsJ132U5BuPjUSEH,In Your Heart,Project Pitchfork,industrial,2,In Your Heart,Project Pitchfork,en,"A book I have - a friend gave me -
I sit on a mushroom when I read
Exhilaration is within
I do not stop for fears
The storm of life
Inside your heart
The storm of love
Can't tear us apart
The winds of..."
0K96xMKM122LUTFfpnhQz6,Now,MDFMK,industrial,2,Now,MDFMK,en,"Don't believe in everything you hear
Don't believe in everything you read
Don't believe in everything you see
Don't believe in me
Don't believe in anything you know
Don't believe there's somewhere you..."
4T073IowTzdJRPBaAtHK0Q,Dawn of the Dead,Murderdolls,industrial,2,Dawn of the Dead,Murderdolls,en,"When tomorrow comes, we'll be one of them
And our only purpose is, to kill off those not dead

We are the dead and we're comin' for you
We are the dead and we're comin' for you
We are the dead and we'..."
0kn3G2T5agaGeduxEkJo1h,Forget to Remember - Acoustic,Mudvayne,industrial,2,Forget to Remember (Acoustic),Mudvayne,en,"What have I done?
Where have I come from?
When I burnt the backs
With the sun through a glass
Did I seal the loss
That's become me?
Feeling undone
What have I become?
When I turned my back on you
I tu..."
7Fu7RDsJZAZtk4NJHLjKj7,You're So Vain,Marilyn Manson,industrial,2,You’re So Vain,Marilyn Manson,en,"You son of a gun
You son of a gun
You son of a gun
You son of a gun

You walked into the party
Like you were walking onto a yacht
Your hat strategically dipped below one eye
Your scarf, it was apricot..."
2i8nC4Lm36cfENwasKctjv,All Day,Ministry,industrial,2,All Day,Ministry,en,"Well I'm hiding my eyes from the morning sun
And I keep on working till the work is all done
But a voice in my head keeps ticking away
As the sweat's hosed down from yet another day
Well he works hard..."
5l8VhbHKUX1Bq5tTUpsllQ,Nothing Left To See Here Anymore,Sevendust,industrial,2,Nothing Left to See Here Anymore,Sevendust,en,"Slap my face once again
So I can feel the one before this began
Burned out at both the ends
Time to tear down the walls and start it again

You're reaching out
I'm pulling back again (Nothing left to ..."
66Enc7TQFuLfGo29Tv9MOC,Move Harder,Faderhead,industrial,2,Move Harder,Faderhead,en,"Move harder
Get darker
Get darker
Big bad Night City vibes
You turn around
And I turn wild
You got that innocent smile
To hide the dirtiest of minds
Dirtiest of minds
Scream
Move harder
For me
Get dar..."
4XtRA7CmgudlrRtcqTKAAv,Only In My Mind,Imperative Reaction,industrial,2,Only In My Mind,Imperative Reaction,en,"You know it's true
And though I tried to hide it
It shows in you
I know it's true
And though you still deny it
I see right through
All you won't admit
But what if you're the reason
I can't fall far en..."
1Xp33XxPNz2YgcVGq4UiFG,Major Tom (Coming Home) - Technomancer feat. Angst Pop Remix,Apoptygma Berzerk,industrial,2,Major Tom (Coming Home) - Technomancer feat. Angst Pop R,Apoptygma Berzerk,en,"Standing there alone, the ship is waiting
All systems are go, ""Are you sure?""
Control is not convinced, but the computer
Has the evidence, no need to abort
The countdown starts
Watching in a trance, t..."
6qiYyrTFQvPiVXZCp7qV2E,Too Close To Hate,Sevendust,industrial,2,Too Close to Hate,Sevendust,en,"Feel it inside
I need someone to bide my time
I look around
This world seems to bring me down (talk to me)

Too close to me, to talk to me, not to me
So close to hate, what you wanna hate? Not to hate..."
44ZiDRfCJKMgjFXAb1LEBv,The Odyssey,Orgy,industrial,2,The Odyssey,Orgy,en,"What would you do if you finally believed in yourself?
But you just don't know your ass from a hole in the ground
So true it's a violation
Hide yourself from the same old memories
Your image is your i..."
7J8V76XTLhJXAm8hwCQKXG,REBOUND!,JPEGMAFIA,industrial,2,REBOUND!,JPEGMAFIA,en,"Yeah, yeah
Yeah, you know, the truth is the truth, you know?
Yeah, uh, uh
Huh, huh

When I look at your shit, I'm like, ""Huh?""
When I look at my shit, I'm like, ""Ah""
Wave cap got me feelin' like Guapd..."
0fRBuPyC2kTDICYNfDgFXp,Ghostbuster!,Psychostick,industrial,2,Ghostbuster!,Psychostick,en,"No ghost!
Ghost
Scary ghost
Ghost
Spooky ghost
Something strange in the neighborhood
Who you call?
Ghostbuster!
Something weird, don't look good
Who to call?
Ghostbuster!
Set trap for ghost
No cross t..."
5pUudDDuJgIpgKIGk2zmxv,Baby I'm Bleeding,JPEGMAFIA,industrial,2,Baby I’m Bleeding,JPEGMAFIA,en,"Let that shit run
Ah, fuck
Fuck is, fuck
Alright, alright, alright, shit
(
You think you know me
)
Ah, fuck
Uh, uh
S-stop, it's over, it's ov–
Uh

""Peggy, where you been at?"" Getting all this promo
Wh..."
5MelFaia7UyOxn3Xkhcunf,OG!,JPEGMAFIA,industrial,2,OG!,JPEGMAFIA,en,"Yes, but you are the hip-hop gangster
To switch around the answer bring it right to the top
 (Woah)
Sir Vicious Just Ice, the gangster of hip-hop
To switch around the answer bring it right to the top
..."
3lUwCryVobacobYrN5f2Je,Switchback,Celldweller,industrial,2,Switchback,Celldweller,en,"(Go, go)
(Switchback)
(Go, go)
(Switchback)
(Go, go)
(Switchback)
(Go, go)
(Switchback)
(Go, go)

I've made a choice
That I regret
Now what I see
Is what I get

It's too late to look back
I've got no ..."
1QcYkVyP0dJb8eUtiVlxVz,Use Once and Destroy - Version - Dismantled,Psyclon Nine,industrial,2,Use Once and Destroy [version - Dismantled],Psyclon Nine,en,"D E F I L E
M E
She'll say and she'll scream
D E F I L E
M E
From untouched to unclean
Just a pretty little whore
Fucking used up so dirty so filthy so sore
They say discard after use
What's it worth ..."
6OU3XgmPw6IqJacZEojmdQ,Rubicon,VNV Nation,industrial,2,Rubicon,VNV Nation,en,"Praying for myself
These thoughts I try to hide
I have faith in me and hope this will survive
But it's tearing me apart
I can't hear the words by which I guide
So I must ask again, who will carry me?
..."
57MK20yqk9PMAffdgWR3DF,"It's Just a Movie, Stupid",Psychostick,industrial,2,"It’s Just a Movie, Stupid",Psychostick,en,"She was all alone in this imperfect world
And was very, very lonely
Nobody really understood just how she felt
Till one day she slipped on a banana peel
Then there he was, he picked her up
And asked h..."
1Qv4zyb1lbJzPBzTnUpyN6,Isolaytore,Static-X,industrial,2,Isolaytore,Static-X,en,"Kill myself, nothing left
I feel this
Slowly, I'm put to death
I've seen it all, no regrets
Mental regress
Chemicals used in excess

Die old, breathing cold
Cries heating broken lies
Kiss the world al..."
5MGJhI5TaHlksKhIxRwzfy,Straight Jacket,Skindred,industrial,2,Straight Jacket,Skindred,en,"Wha dem ah go do when we get too strong
Pick up sticks ah new selection
Handle the pain and the rejection
Giving all of the world ah shock to dem brain
Can't take this botheration
Chemical masturbatio..."
2Bq81wqnLtbfhi0x2KYBcO,"Blood, Brains & Rock'n Roll",Zombie Girl,industrial,2,"Blood, Brains & Rock’n’Roll",Zombie Girl,en,"The blood is flowing in you
The blood is rushing through your veins
Bound in flesh, wrapped in skin
What you feel is not a sin
No need to fight this
You're on the other side now
No need to fear this
C..."
2OEP0pMfahwuRS6048mxfV,Mi Queso,Psychostick,industrial,2,Mi Queso,Psychostick,en,"Yum

Got a hunger rollin' through mi panza
Don't want the sauce or the guac, no
Need the cheeses, both colors please
Got yellow and white-ah
Chop up a jalapeno by hand
Melt down with Ro-Tel, use a who..."
4lq8I4zKg92PeqM7hdDrB7,Grind 2 Halt,Static-X,industrial,2,Grind 2 Halt,Static-X,en,"Three, four
Ah...!

Pitch slap, deep-space techno echo
Gate and filter the thoughts
Short break, electric scramble
Take what you thought was yours
Tribal bible, punching metal
Black fills up every kno..."
05X7coSTvw1MidUYNwqc41,The Ballad of the Nameless,Cold,industrial,2,The Ballad of the Nameless,Cold,en,"Nameless wasn't the same since
He moved out to the edge of town
Near the wreckage by the falls
No one ever would claim him
Story was, he came to town
Then the devil took his soul
We all know you're ga..."
6Kd4iGylMjrpr1xVbuYKVw,the 27 club,JPEGMAFIA,industrial,2,​The 27 Club,JPEGMAFIA,en,"And we on…

Welcome to the 27 club
And if I die before I wake, yeah
At the 27 club
I pray the lord my soul to take
Welcome to the 27 club
And if I die before I wake, yeah
To the 27 (xirdneH imiJ, eof ..."
3ZEJ9Km0dHJee9CJPmP1v4,New Found Power,Damageplan,industrial,2,New Found Power,Damageplan,en,"Why have we waited so long?
Suppressing the power inside
Tear away all that was wrong
Something too massive to hide

It's time to rip the chain from your neck
Let go the past as you purge
Free now fro..."
7pluJ15vmT0NZdX2lmIbBI,Deep Inside of You,Third Eye Blind,alt-rock,2,Deep Inside of You,Third Eye Blind,en,"When we met light was shed
Thoughts free flow, you said you've got something
Deep inside of you
A wind chime voice sound, sway of your hips round rings true
It goes deep inside of you
These secret gar..."
3F8dSAI8l3euloq5a8EenB,Epic,Faith No More,alt-rock,2,Epic,Faith No More,en,"Can you feel it, see it, hear it today?
If you can't, then it doesn't matter anyway
You will never understand it, 'cause it happens too fast
And it feels so good, it's like walking on glass
It's so co..."
3YuaBvuZqcwN3CEAyyoaei,Like a Stone,Audioslave,alt-rock,2,Like a Stone,Audioslave,en,"On a cobweb afternoon in a room full of emptiness
By a freeway, I confess I was lost in the pages
Of a book full of death, reading how we'll die alone
And if we're good, we'll lay to rest anywhere we ..."
4dyx5SzxPPaD8xQIid5Wjj,Young Folks,Peter Bjorn and John,alt-rock,2,Young Folks,Peter Bjorn and John,en,"If I told you things I did before
Told you how I used to be
Would you go along with someone like me?
If you knew my story word for word
Had all of my history
Would you go along with someone like me?

..."
4LqXMo9PHrEggPvoTPO6ph,Closing Time,Semisonic,alt-rock,2,Closing Time,Semisonic,en,"Closing time, open all the doors and let you out into the world
Closing time, turn all of the lights on over every boy and every girl
Closing time, one last call for alcohol, so finish your whiskey or..."
5Gs6NY7QTgEq77V3DtPagv,Unstoppable Now,The Phantoms,alt-rock,2,Unstoppable Now,The Phantoms (Rock),en,"(Humming)
(Whoa-oh-oh, oh-oh-oh-oh
Whoa-oh-oh, whoa-oh-oh-oh
Whoa-oh-oh, oh-oh-oh-oh
Whoa-oh-oh, whoa-oh-oh-oh)

It's comin', ya can't stop it now
We runnin', gonna mow ya down
There's a new day risin..."
6AvslIXIi9iaGvukefyVVK,Bottom Of The Deep Blue Sea,MISSIO,alt-rock,2,Bottom Of The Deep Blue Sea,MISSIO,en,"The blood surrounding my body crushing every bit of bone
The salt, it seeps into the pores of my open skin
I wait on you inside the bottom of the deep blue sea
I wait on you inside the bottom of the d..."
1PYe4YkKMsZ4JdvEZYBE6m,Bitter Sweet Symphony - Remastered 2016,The Verve,alt-rock,2,Bitter Sweet Symphony,The Verve,en,"'Cause it's a bitter sweet symphony that's life
Trying to make ends meet, you're a slave to money then you die
I'll take you down the only road I've ever been down
You know the one that takes you to t..."
6rSuL1ViLO7Aljn2WD09s4,Whispers in the Dark,Skillet,alt-rock,2,Whispers in the Dark,Skillet,en,"Despite the lies that you're making
Your love is mine for the taking
My love is just waiting
To turn your tears to roses

Despite the lies that you're making
Your love is mine for the taking
My love i..."
4OEbwdy2hgYXxShjhLtF0e,Bring On The Holidays,TobyMac,alt-rock,2,Bring on the Holidays,TobyMac,en,"Come on, baby, let's not fight
I'm gonna catch the early flight
Before our streets our dressed in white
I'll be there (I'll be there)
And please don't decorate the tree
Have a little heart and wait fo..."
20I8RduZC2PWMWTDCZuuAN,Take Me Out,Franz Ferdinand,alt-rock,2,Take Me Out,Franz Ferdinand,en,"So if you're lonely, you know I'm here waiting for you
I'm just a cross-hair, I'm just a shot away from you
And if you leave here, you leave me broken, shattered I lie
I'm just a cross-hair, I'm just ..."
12sPGeSWgxY2zpPupFYIrZ,Sorry Sack Of Bones,Volbeat,alt-rock,2,Sorry Sack of Bones,Volbeat,en,"The smell is rotten, I'm out in the free
The trees are squeaking and the wolves are unleashed
I got a hole in my head, and the cramps are so tight
I'm decomposing in a sack of bones, I'm on fire
And I..."
0AOmbw8AwDnwXhHC3OhdVB,Courtesy Call,Thousand Foot Krutch,alt-rock,2,Courtesy Call,Thousand Foot Krutch,en,"Hey-o
Here comes the danger up in this club
When we get started man, we ain't gonna stop
We gonna turn it out 'til it gets too hot
Everybody sing, hey-o
Tell 'em turn it up 'til they can't no more
Let..."
0IK8y0vAO0sM630HsxwLht,Middle Finger,Bohnes,alt-rock,2,Middle Finger,Bohnes,en,"You show me love then spit in my face
Making your money off all of my pain
You put an eagle inside of a cage
And you think I'm not strong enough to escape
But I refuse to let you make me feel like I c..."
2QjOHCTQ1Jl3zawyYOpxh6,Sweater Weather,The Neighbourhood,alt-rock,2,Sweater Weather,The Neighbourhood,en,"And all I am is a man
I want the world in my hands
I hate the beach, but I stand
In California with my toes in the sand
Use the sleeves of my sweater, let's have an adventure
Head in the clouds, but m..."
0SRPuTnr5QOKRoIxMvvlgK,Vampire,Dominic Fike,alt-rock,2,Vampire,Dominic Fike,en,"I only showed up to tell you (Ooh)
Everyone at this party's a vampire (Ooh, ooh)
This ain’t red wine (Ooh)
We're all food for the bloodsuckers (Ooh)
Movin' up under the moonlight (Ooh, ooh)
Like the v..."
7j56HrjR9cGzvekvZY3Faz,HandClap,Fitz and The Tantrums,alt-rock,2,HandClap,Fitz and The Tantrums,en,"(Turn it up)

Somebody save your soul
'Cause you've been sinnin' in this city, I know
Too many troubles
All these lovers got you losin' control
You're like a drug to me
A luxury, my sugar and gold
I w..."
2Fwnh2qQUXyC7BVYv05NmL,Back to Beginning,Lamb,trip-hop,2,Back To Beginning,Lamb (UK),en,"Grow up, child, come and face me
We've held on like orphans to a faded dream
We're not what we were. We won't fit in
We don't have to fight what is not what it seems
So don't think I'm going back to b..."
345zZlftOq4rYQEVQoWC0z,Angeline,Faithless,trip-hop,2,Angeline,Faithless,en,"You've been out on the tiles
Winning the smiles of men of low persuasion
But I know you drink yourself crawling in the street until dawn
Girl you look like a bad dream
You've been places I've never be..."
2wC0qK8JN6gblb0ZJzE2d9,Hell Is Round The Corner,Tricky,trip-hop,2,Hell Is Round The Corner,Tricky,en,"I stand firm for our soil
Lick a rock on foil
So they juice me, seduce me
Dress me up in Stussy

Hell is round the corner where I shelter
Ism's and schisms, we're living helter skelter
If you believe ..."
0EGxb1h6ELGKWuCk1GG3zE,Speed Of Light,Alphawezen,trip-hop,2,Speed Of Light,Alphawezen,en,"Touch me, I am losing shape
Look, I am invisible, can you say my name
Is there a perfect sky that we came from?
We`ll be like stars forever shining on
Catch me, I am almost there
How can I be near, I ..."
3RMuJ4qdkgs71mBNbPpZu0,Swimmers,Zero 7,trip-hop,2,Swimmers,Zero 7,en," Do you know
We are the young ghosts
In reverse
Our stories unfold
Moving slow
We’re just killing time
And we know
This fear is a crime
Surrender to your love
Surrender to your heart
Surrender
We are ..."
2orwOmDutgnVoE466OwrdP,Wonder (Nyumo Remix),Nightmares On Wax,trip-hop,2,Wonder,Nightmares on Wax,en,"We may never know
We may never know
Maybe in another life
Maybe we could get it right
Wonder if we'd understand
One day we will meet again
We may never know
We may never know
We may never know
We may ..."
65N0xDuTrVLIEoG1sP96kX,Hol' It Up,Roots Manuva,trip-hop,2,Hol’ It Up,Roots Manuva,en,"Yeah. Check dis. Y'know
Tropical shit, y’know?
Like the juice that you be drinking in the morning
Alright, check

To my boys that hassle banks like Jimmy Floyd
NatWest, TSB, Lloyds and Abbey, make som..."
70gH8QPgnDh6fc6omPRlKY,Search's End,The Wiseguys,trip-hop,2,Search’s End,​The Wiseguys,en,"I have searched
I have searched
I have searched
For a long time
I have searched
I have searched
I have searched
For a long time
I have searched
I have searched
I have searched
For a long time
I have s..."
2W4fPWTc8ivyLz7FO2QqeB,Giving Myself Away,Faithless,trip-hop,2,Giving Myself Away,Faithless,en,"Do, do what I have to
Do, do what I have to
Do, do what I have to
Do, do what I have
Remember Emily?
(""That's a long time. That's a long time."")
In a long dress one summer day she said, ""Yes""
Now ever..."
4V8ocyJeGzYFD5rYsa5WB7,Tonto Rides the Gain,Jon Kennedy,trip-hop,2,Tonto Rides the Gain,Jon Kennedy,en,"(Whoa)
(Ah-ah)
(Whoa)
(Ah-ah)
What exactly's going on down here?
But still I wandered strong
Through this weird and wonderful landscape
I waited patiently with simple happy songs
(Ah-ah)
(Whoa)
What e..."
3E9iBozKyc4dXyu5QSpxQo,Fighting For?,Roots Manuva,trip-hop,2,Fighting For?,Roots Manuva,en,"Uuh-uh, sometimes
It feels like fighting for
Wasting away fighting for
Uuh-uh, sometimes
When it feels like fighting for
Wasting away fighting for

Shoulda been coulda been ain’t so why bother with
No..."
6ggJ6MceyHGWtUg1KLp3M1,Risingson,Massive Attack,trip-hop,2,Risingson,Massive Attack,en,"I seen you go down to a cold mirror
It was never clearer in my era so
You lick a shine upon your forehead or
Check it by the signs in the corridor
You light my ways through the club maze
We would stru..."
2HHC3GxRY2SxqRn6v6TvXX,Lonely Soul,UNKLE,trip-hop,2,Lonely Soul,UNKLE,en,"God knows you're lonely souls
God knows you're lonely souls
God knows you're lonely souls
Yeah, yeah

I believe there's a time and a place
To let your mind drift and get out of this place
I believe th..."
5H5cNU45KyPXMlrxTMj2XM,Left Behind,Zero 7,trip-hop,2,Left Behind,Zero 7,en,"Cleaning up the things, she left behind
Are you on, to find, some peace of mind?
Are you, aware, of the mess, you left, behind?
Scared to think away the cheer
Looking back in a mirror
It all becomes c..."
4iBqN4fvv1j9mvc8sHp8Nu,Your Girl,Blue States,trip-hop,2,Your Girl,Blue States,en,"If you want me for your girl
All you have to do is see
That you're not the boy for me
That you're not the boy for me..."
057XHwrZ3P7de5sAO1wYPJ,Half A World Away,Esthero,trip-hop,2,Half A World Away,Esthero,en,"Tu me tocas
Tu me abrazas*
Y tu me llamas
Pero yo me siento sola*
Muy sola*
Across the sand
The warm air blows
From her eyes you know
She was half a world away
Bites her lip and pulls her clothes
Care..."
4I9bM4okMELRPVlia5Sm9u,Post Modern Sleaze - Flight From Nashville,Sneaker Pimps,trip-hop,2,Post-Modern Sleaze (Flight from Nashville),Sneaker Pimps,en,"She looks ahead
She paints her toe nails red
She's wet and wild
A typical 90's child

She makes every move they make
She takes everything they take
She must be a Thelma or Louise
She must be a post-mo..."
2YCcYjoyShxR1fko25WTdc,Summer Days,Radio Citizen,trip-hop,2,Summer Days,Radio Citizen,en,"Summer Days are filled with rain
And the clouds just
Won´t stop crying
This is when Love goes away
And our hearts felt
Like dying
Standing here
Crying blood and tears
Wasted years for
Life and its unc..."
30u5328ERA8OFk3qrla5m2,Natural Cause,Emancipator,trip-hop,2,Natural Cause (9 Theory Remix),Emancipator,en,"Do you feel how all the parts are falling into place
No matter what you chase
You track it down
If you want to you can find patterns in the stars
No matter who you are
From solid ground
That's spinnin..."
6931KFlt8FNv1v4Us6Cbo2,$160 Million Chinese Man,David Holmes,trip-hop,2,$160 Million Chinese Man,David Holmes,en,There's a 95-pound Chinese man with 160 million dollars behind this door. Let's get him out...
2zvpNdCzRAY5hk7KZSgMSM,Take 15,Bent,trip-hop,2,Mother Nature’s Son (Take 15),The Beatles,en,"One, two
One, two, three, four

Born a poor young country boy
Mother Nature's son, ooh
All day long, I'm sitting singing songs for everyone

Sit beside a mountain stream
See her waters rise
Listen to ..."
1pUFYb9peWkK8m1WCKNRjp,God Is a DJ,Faithless,trip-hop,2,God Is a DJ,Faithless,en,"This is my church
This is where I heal my hurts
It's in natural grace
Or watching young life shape
It's in minor keys
Solutions and remedies
Enemies becoming friends
When bitterness ends
This is my ch..."
49sGyqfSqURWHIKDbkTfdQ,Jungle Drum,Emilíana Torrini,trip-hop,2,Jungle Drum,Emilíana Torrini,en,"Hey, I'm in love
My fingers keep on clickin' to the beatin' of my heart
Hey, I can't stop my feet
Ebony and ivory and dancin' in the street
Hey, it's 'cause of you
The world is in a crazy, hazy hue

M..."
4R9pnPnhz5KXAGbF8RLHMs,Give Up,FKA twigs,trip-hop,2,Give Up,FKA twigs,en,"Tell me why I act this way
Tell me that I'll change someday
I'll be the one that can satisfy you
If I can rectify the—
The few things I've got to change
The few things in my way
Okay, so I've said it ..."
4YwHqHbnyBR7WRA6EZxZGm,Me&Youphoria - Edit,Röyksopp,trip-hop,2,Me&Youphoria (Edit),Röyksopp,en,"Hang on, darling
And don't let go
Just hold tight, baby
And feel me

We're slowly moving closer
We feel the night calling

I could fly you away
Euphoria awaits
I could fly you away
Euphoria awaits

Ho..."
1DGMMnP7rtOyzhfEI8xle6,Switch / Twitch,Fluke,trip-hop,2,Switch / Twitch,Fluke,en,"It's time to begin
Start out over again
What you is, what you been
Forget everything
All the love that you made
All the joy and the pain
All the anger and hate
Rewind and erase
Rewind and erase
Rewind..."
4IfHYniNBoAATWV6iLEXRs,Mezzanine,Massive Attack,trip-hop,2,Mezzanine,Massive Attack,en,"I'm a little curious of you in crowded scenes
And how serene your friends and fiends
We flew and strolled as two, illuminated gently
Why don't you close your eyes and reinvent me?

You know you've got..."
5dEgeWGMyqSMdEpmuyyMI7,Aba,Kemuel,groove,2,Herbal Plots (Ab-Soul’s idea),Kembe X,en,"Get Moose on the phone
Please get Moose on the phone
I feel it in my-
I feel it in my soul
Yeah, uh, yeah, uh, yeah, uh, look
Kembe

The world is tryna break me and reshape me in its image
Destructive..."
0OE5nvs8Sc1meDrjN7vwBw,You & I,Navos,groove,2,You & I,Navos,en,"When we dim the lights
It's just you and I
We can spend the night
Doing whatever we want
When we're all alone
And we're in the zone
When the fear is gone
Let's do whatever we want

I wanna get inside ..."
5awljpWNO5TpXCyjpvCBbs,Return to Serenity,Testament,groove,2,Return to Serenity,Testament,en,"I'm gonna take you
To a place far from here
No one will see us
Watch the pain as it disappears
No time for anger
No time for despair
Won't you come with me
There's room for us there
This innocent beau..."
5bNzQ3byxW0L94UToNg6wV,I Just Want to Make Love to You,Cold Blood,groove,2,I Just Want To Make Love to You,Cold Blood,en,"I don't want you to be no slave
I don't want to work all day
I don't want you 'cause I'm sad and blue
I just wanna make love to you
Love to you, baby
Love to you
I just wanna make love
I dont want to ..."
5B2Fil0dJNfob1W8gpL5E4,Love Vibration,ESSEL,groove,2,Love Vibration,ESSEL,en,"Yeah, yeah
Yeah, yeah
Yeah, yeah (Tired of living with my fear)
Yeah, yeah
Yeah, yeah
Yeah, yeah
Tired of holding back my tears

It's funny how you finally feel, feel like yourself
When you finally le..."
0bFgyBeGeoxmS3OLAUoQYO,Phoenix,Anagramma,groove,2,Anagram Phoenix,Canibus,en,"You don't know what's next
Generation X gotta prep
Only for those who can see it:
The iPhone is an anagram for the phoenix

I'm a woodwind instrument repairman
Dashing, handsome and daring; a Tuskegee..."
3NiB3v3elOuAy4Ij51F4Sl,Deep Inside,Maur,groove,2,Deep Inside,Mary J. Blige,en,"The problem is for many years
I've lived my life publicly
So it's hard for me to find a man I trust
I really trust
And every time I find someone I like, gotta worry about
If it's really me that they s..."
40gGeC397vLmz4eETZDSrG,AfterLife,Five Finger Death Punch,groove,2,AfterLife,Five Finger Death Punch,en,"I've heard the rumors that the rumors all were true
They may be looking for me (They may be looking for me)
But they're coming for you (But they're coming for you)
I'll paint a picture you can better ..."
5GwPTFXjE3WLJevK6KLMyc,Gears,Lamb of God,groove,2,Gears,Lamb of God,en,"You suffer from a manufactured sickness and envy by design
Pre-calculated status and patterns of desire
Accumulation and adoration, built to feed your ostentation
Perpetually unsatisfied, but you neve..."
7cRGgrQ9eg8V8A4FsSj020,Another World,Gojira,groove,2,Another World,Gojira,en,"We mock and slaughter all the purest kinds
Blinded by the noise and maze, this flash in our eyes
Hope for the world, but prepare for the worst
I'd rather find a way on my own

Another world
Another pl..."
3zdUWmaNcbTqv2V7ZYLXQ8,Believe in Nothing,Nevermore,groove,2,Believe in Nothing,Nevermore,en,"Into a strange, new world, into the after
All your tears might find you've fallen too far
Take another look; take another ride
Can't we make them leave the hate behind?

And I still believe in nothing..."
6CMF35Wo3xRxGTLDMjvxlY,Need You There,M-22,groove,2,Need You There,M-22,en,"I said I need
I said I need
I said I need you there
Said I need you there for me
I said I need you there
Said I need you there for me
I said I need you there for me
I said I need
I said I need
I said ..."
3T00mhdOYUuM5yiuPs3xhs,San Frandisco,Dom Dolla,groove,2,San Frandisco,Dom Dolla,en,"San Francisco, where's your disco?
San Francisco, where's your disco?

I was supposed to go out there for like a semester of college and I ended up never leaving
It's that energy on the dance floor th..."
7MXlRIl901aXfJ2oSGn0E2,Into The Black,Chromatics,electronic,2,Into the Black,Chromatics,en,"My, my, hey, hey
Rock and roll is here to stay
It's better to burn out, than to fade away
My, my, hey, hey

Out of the blue, into the black
They give you this but you pay for that
Once you're gone you..."
2edB8M0PPZCoYKm8ohDaNm,Dancing In The Shadows,TSHA,electronic,2,Dancing In The Shadows,TSHA,en,"For you only, I surrender
For you only, I have so much more to give
For you only, I surrender
For you only, yeah, I have so much more

Dancing in the shadows
Tell me you remember
I'm moving in the dar..."
1hmiQTBi1ucDbqs0KEJ1c8,Spirits Pt. 2,Party Favor,electronic,2,Spirits Pt. 2,Party Favor,en,"Doubled down on that pink molly, now I'm peaking, yeah
Doubled down on that pink molly so I’m peaking, yeah
I put my wrist up for some water, now it's freezing, yeah
I'm riding cross witness, stunting..."
5DXCSaDgeAvM0LT3WAeKnr,Drama,Maga,electronic,2,Drama,Maga (Producer),en,"You such a fucking whore, I love it
I know you like it more, I love it
I fuck her when I'm bored
Like Riley, she's a whore
I know you like it more, I love it
Like Riley, she's a whore, I love it
I kno..."
1Y3yJHrBkkfj3GZKv1MVhF,Abu Simbel,WhoMadeWho,electronic,2,Abu Simbel,WhoMadeWho,en,"Only you keep me going
Through my hours
Through my circles
Through my

Only you keep me going
Through my daydreams
Through my actions
Through my

Only you keep me going
Through my barriers
Through my ..."
7IctzNEJucIBzkAWYg6np2,The Chain,Kerala Dust,electronic,2,The Chain,Kerala Dust,en,"Listen to the wind blow
Watch the sun rise
Run in the shadows
Damn your love, damn your lies
And if you don't love me now
You will never love me again
I can still hear you saying
You will never break ..."
3LpIXpas8lnDrUDqOYyB7u,Six Days - Machinedrum Remix,DJ Shadow,electronic,2,Six Days - Machinedrum Remix,DJ Shadow,en,"At the starting of the week
At summit talks you'll hear them speak
It's only Monday
Negotiations breaking down
See those leaders start to frown
It's sword and gun day

Tomorrow never comes until it's ..."
56yyecUavZFNRc9W5t0P8O,CASH COW,NGHTMRE,electronic,2,CASH COW,NGHTMRE,en,"Last year won a bag, yeah, I got M's in advance (M's in advance)
Tryna cash out like a Cash App, I put cash in her hand (Put cash in her hand)
Talkin' foreign with no visa, put a shark on land (Shark ..."
6re8Gb0JHD69k5B53tCAF6,Overnight,HXE,electronic,2,OVERNIGHT,Qveen Herby,en,"Lyrics from Snippet
Turning down the lights low
Open up the window
Don't you wanna party?
Don't you wanna blow smoke?
Banishing the heartbreak
Tell me what the cards say
Give me all the tingles
Vois j..."
3TBwN5fIDPS8NbypGJKTfn,Straight Up,22 Void Beats,electronic,2,Straight Up,22 Void Beats,en,"(Can you feel the pressure? It's a vibe)
(Take all this from my soul and all this pain keeps me alive)

Can you feel the pressure? It's a vibe
I ain't payin' for no diamonds, they'll resell 'em when I..."
6VNooTY5w9A9wg1YUsEbKB,Midas,Maribou State,electronic,2,Midas,Maribou State,en,"(If you're making love
You'll get real love, ooh babe)

It was right there in front of me
Screaming loud, I didn't want to see
His skewed desires, crushed down on me
Trying to use me up, but I never h..."
6V472EZ0ymkw3zEDOqlIew,Blood Like Lemonade,Morcheeba,electronic,2,Blood Like Lemonade,Morcheeba,en,"Healing holy man, once upon a time
He lived for his wife up until the crime
Hunting high and low
To seek revenge
Brand new moral code
Got made reluctant renegade
Leaving empty souls
When he avenged
Ev..."
6lvJDlBrtabJWiBlMTGxKs,For the Damaged Coda,Blonde Redhead,electronic,2,For the Damaged Coda,Blonde Redhead,en,"Ah-ah, ah, ah, ah, ah-ah ah
Ah-ah, ah, ah, ah, ah-ah ah
Ah-ah, ah, ah, ah, ah-ah ah
Ah-ah, ah, ah, ah, ah-ah ah
Ah-ah, ah, ah, ah, ah-ah ah
Ah-ah, ah, ah, ah, ah-ah ah

Ah..."
76I3PmbGZazzNlEwlp1y85,Lone Wolf,Zomboy,electronic,2,Lone Wolf,Zomboy,en,"I'm back, back, woo!

Imma show you what I'm working with
Yeah
Imma show you what I'm working with

Do it, do it, do it, do it, do it, do it, do it, do it, do it, do it, do it, do it, do it, do it, do..."
3cNdF4GwBQG4O98GwreQGh,My Eyes,Chill Satellite,electronic,2,My Eyes,Chill Satellite,en,"I'm alone in the dark, can I be where you are?
You were gone from the start, now you tear me apart
Oh, oh
I gave you my trust but you cheated me like I couldn't see
I thought you were the one but I kn..."
69bDRy5MeWQl1lNeEJQIBE,The Half,DJ Snake,electronic,2,The Half,DJ Snake,en,"It's a Friday, I'm 'bout to go off
Got my chains on and I'm 'bout to show off
DJ Snake up in here about to go off
Now go off, now go off
Goddamn!

Smoke stress to get rid of all the stress (Rid of all..."
0WTCo2nNtSRCrGCiQuZO8d,Bang Bang Bang Bang,Sohodolls,electronic,2,Bang Bang Bang Bang,Sohodolls,en,"Teacher says that I've been naughty, I must learn to concentrate
But the girls they pull my hair and with the boys I can't relate
Daddy says I'm good for nothing, mama says that it's from him
Manic si..."
4KKLTVEcvfc4zKOq7Zixcg,BaDinga,TWRK,electronic,2,BaDinga,TWRK,,"---- co- ---- ----
---- co- ---- ----
---- co- ---- ----
---- co- ---- co-
C'mon co- c'mon co-
C'mon co- c'mon eehhhh-co-
Bounce C'MON bounce co-
Bounce C'MON bounce co-
Bounce C'MON bounce co-
Bounce..."
0wAIffslRgmzF0ktjHP7jB,Ek Nagma,Lifafa,electronic,2,Ek Nagma,Lifafa,,"Meri aankhein
Jhooti nahi
In meh baatein
Meethe nahin
Woh zamaana
Woh to gum gaya
Mere haathon
Se woh mit gaya
Mein hoon nagma
Ooncha nahin
Tha meh sadma
Jo bhara nahin
Teri baahon
Mein meh so gaya
Th..."
0hFUSvzMe4cwnlPzIvzZIO,Heavyweight,RedMoon,electronic,2,Heavyweight,RedMoon,en,"Give me reasons to doubt
Try to keep me down
But I’ll put the flame out
You can’t get to me
Throw your sticks and your stones
Go break all of my bones
You won’t nick my soul
You can’t get to me

And t..."
1D643xL28RupQU5Ze9sH8P,Ride Or Die,DVBBS,electronic,2,Ride Or Die,DVBBS,en,"I follow you into another night
We stay awake until we lost in time
We don't hear them calling, lights won't fade away
I will stay here forever on my mind

At the bar at the hotel, and on my head, who..."
0AzD1FEuvkXP1verWfaZdv,Cbat,Hudson Mohawke,electronic,2,Cbat,Hudson Mohawke,en,"Oh yes hudson-chan~
Keep going hudson-chan... im almost there..."
6onxTIB79enhIQPpE00CEm,El Dorado,Samiam,hardcore,2,El Dorado,Samiam,en,"The party raged for seven days until it was complete
Bottles buried in the snow lay hidden until spring
Monuments abandoned, wet dreams unfulfilled
Inspired us to descend when goes on down the hill
In..."
5bNeopFRcJDHsdKwfLr3rV,Afternoon,Anxious,hardcore,2,Afternoon,Anxious (Band),en,"I ran outside with no time to
To check my watch or I'd undo
The purpose of keeping the time
But I did anyway
So I know I’ll be late, I don't wanna lie

Treasured in your eyes

But you still smile, you..."
3UNmwO14CGjWGFKxZMCf5p,The Animal and the Machine,Strung Out,hardcore,2,The Animal and the Machine,Strung Out,en,"For every bullet in your gun we’ve got plan
To change the world and make it better
This song’s for everyone screaming from the pit
We are the soundtrack
We bleed together strong
Nobody here's pretendi..."
67IvfvAMYQzJEeHopvwMMW,Simon Says,Pharoahe Monch,hardcore,2,Simon Says,Pharoahe Monch,en,"Uh-uh, uh-uh, uh-uh
Uh-uh, uh-uh, uh
Uh-uh, uh-uh, uh-uh
Uh-uh, uh-uh, ahh

Get the fuck up
Simon says, ""Get the fuck up""
Throw your hands in the sky (Buck-buck-buck-buck-buck)
Queens is in the back s..."
4c8qPDWpHWGTvhpcoZO7FT,So Many Nights,E-Town Concrete,hardcore,2,So Many Nights,E.Town Concrete,en,"So many nights I pray that this would just... stop...
I woke out of my sleep from the sound... of a pop lock
My heart would drop to the ground
Maybe the fact my pops wasn't around forced you to find
T..."
5a08ltM7vmCVv6FPwUmmTb,Cracks In The Wall,Jerry's Kids,hardcore,2,Cracks in the Wall,Jerry’s Kids,en,"I opened up my head to you
I listened to the plan you drew
Tell me what I should be
And tell me what I should see
Cracks in the wall
Watch them fall
Cracks in the wall
Watch them fall
I dig it when I ..."
28Yp0SIHT7z8gptmAl19zt,Modern Love Story,Glassjaw,hardcore,2,Modern Love Story,Glassjaw,en,"A boy, a girl, a love story
But why did it end in misery?
Taking our chances, getting our thrills
Taking and taking but never getting our fill
And this is what I see
A modern love story
And this is wh..."
6phmKeRhJUsiSBJgMkgjg8,Alwayz Into Somethin',N.W.A.,hardcore,2,Alwayz Into Somethin’,N.W.A,en,"Ninteen-ninety-motherfucking-one
N.W.A back in this motherfucker, yo
Takin' out all you commercialized-ass niggas
And we're on this laid back track
And we're doin' this one kinda' smooth
So whatcha go..."
6MiFMpNEdotPOrnMO6mwAC,Dollaz + Sense,DJ Quik,hardcore,2,Dollaz + Sense,DJ Quik,en,"Now let's get down to business, bitches!
'Cause it seems like y'all just keep on tryin' to diss this
Nigga that you know that's been down for years
I've clowned for years, and y'all could never fade m..."
6iGSLWmAj6E4GGnSzLxBJf,"The Gangsta, The Killa And The Dope Dealer",Westside Connection,hardcore,2,"The Gangsta, The Killa And The Dope Dealer",Westside Connection,en,"Hey, living in a California cage
Y'all trying to study me?
Gangbangin'll never die, it's too much love
You always gonna get niggas like us, you know what I mean
God damn
How many more motherfuckin' pe..."
04Rx3Aov050pc9qvBIRUr1,Doublewide Stomp,Bodybox,hardcore,2,Doublewide Stomp,Bodybox,en,"End your world You smoke to die
Lots of things to smoke through instead of murdering everyone inside
Leeching leeching leeching fuckin rats
The sacrificial suicide of choking on the ash
You’ve always ..."
5jZ1Z2GFTf2gwmFc3qiUxs,The Taste of Ink,The Used,hardcore,2,The Taste of Ink,The Used,en,"Is it worth it? Can you even hear me? Standing with your spotlight on me
Not enough to feed the hungry, I'm tired and I felt it for a while now
In this sea of lonely, the taste of ink is getting old
I..."
5N3LmVCqLneS7NkmDwozXZ,Vulcan Ears,Millencolin,hardcore,2,Vulcan Ears,Millencolin,en,"In a tiny spaceship
With four legs, a pillow and some sheets
Thats where my idols always meet
I'd like to be there now

I'm trying, I'm trying every night to see a UFO
But in case I don't, just in cas..."
61QSuw5VlC0LTS8WMO356g,All The Way Up (feat. Infared),Fat Joe,hardcore,2,All the Way Up,Fat Joe,en,"This is
Edsclusive
Go, go

Nothin' can stop me, I'm all the way up
All the way up
I'm all the way up
I'm all the way up
Nothin' can stop me, I'm all the way up
[Refrain: French Montana & 
Infa-Red
]
S..."
2h8mtZXFfkxcDNO52gvsMY,It's On,Eazy-E,hardcore,2,It’s On,Eazy-E,en,"Today's a good day to die (*screaming*)
Bow wow wow yippie yo yippie yay
Suck on these nuts, nigga, suck on these nuts
I tell 'em bow-wow-wow yippie-yo yippie-yay
Suck on these nuts, nigga, suck on th..."
2W58HMaCbjcUfZnZaeHtcC,Memory Lane (Sittin' in da Park),Nas,hardcore,2,Memory Lane (Sittin’ In Da Park),Nas,en,"(Check that shit)
Aight, fuck that shit, word, word
Fuck that other shit, you know what I'm sayin'?
We gon' do a lil' somethin' like this, you know what I'm sayin'?
(Stay up on that shit)
Keep it on a..."
1TvLOCb2j66m1l5bsO88LN,Serrated Edge,The Dead Milkmen,hardcore,2,Serrated Edge,The Dead Milkmen,en,"Up on the hilltop where the vultures perch
That's where I'm gonna build my church
Ain't gonna be no priest, ain't gonna be no boss;
Just Charles Nelson Reilly nailed to a cross

I don't piss, I don't ..."
56T8rWR6szMJ22n5bv8DXo,Niggaz 4 Life,N.W.A.,hardcore,2,Niggaz 4 Life,N.W.A,en,"Why you brothers insist on usin' the word 'nigga'? Don't you know that's bringin' down the black race?
Nigga, nigga, nigga, that's all I hear you motherfuckers talk about is nigga
You can do what you ..."
1sVUR6ZtKsAypm8qOEpgio,C-Walk,Kurupt,hardcore,2,C-Walk,Kurupt,en,"Yeah, this for the West Coast CD
Let me clear my throat
Check it out, check it out, check it out
We gonna drop it like this
This album is the best of both worlds
(Kurupt, Daz Dilly)
This for the West ..."
3ndcNdzfiEEeg4qWsno1jA,Without a Choice,Useless ID,hardcore,2,Without a Choice,Useless ID - יוסלס איי.די,en,"Without a choice
Without a choice
Without a future
Counting the days
Seconds from slaughter
Without a say
Without a choice
Without a voice
Watching our babies
Taken away
Innocent creatures
Food on the..."
3ABG1UQTk0eLYUAeWkmfMi,Shimmy Shimmy Ya,Ol' Dirty Bastard,hardcore,2,Shimmy Shimmy Ya,Ol’ Dirty Bastard,en,"I don't wanna fuck you, you can't even sing
You had to sing or somethin' to get some pussy
I like the way you talkin'

Ooh, baby, I like it raw
Yeah, baby, I like it raw (
Yeah
)
Ooh, baby, I like it ..."
12l3ldyObMURwsZBioibl5,Just a Friend,Biz Markie,hardcore,2,Just a Friend,Biz Markie,en,"Have you ever met a girl that you tried to date
But a year to make love she wanted you to wait?
Let me tell a story of my situation
I was talkin' to this girl from the U.S. nation
The way that I met h..."
7sEm6dnBwPha4dDb3fnmhs,Hold Ya Head,The Notorious B.I.G.,hardcore,2,Hold Ya Head,The Notorious B.I.G.,en,"Woman hold her head and cry
'Cause her son had been shot down in the street and died
Woman hold her head and cry
'Cause her son had been shot down in the street and died

When I die, fuck it, I wanna ..."
67eqrRkxp2ED26CEqvqbDv,I Hate Everything (feat. Action Bronson),The Alchemist,hardcore,2,I Hate Everything,The Alchemist,en,"No, I don't want that
I don't like that

Been around the world, I'm not impressed
(I'm not impressed)
I've been around the world, I'm not impressed
Three Michelin stars, I'm not impressed
(I'm not imp..."
4rZcZXvtzdBbZOwlHSu79i,G.O.A.T. (feat. Ty Dolla $ign & Bella Alubo),The Notorious B.I.G.,hardcore,2,The Notorious B.I.G. - G.O.A.T.  ft. Ty Dolla $ign & Bella Alubo (Traducción al Español),Genius Traducciones al Español,en,"A-rah-rah-rah-rah-rah
A-rah-rah-rah-rah-rah
Uh-roh-roh-roh-roh-roh
Uh-roh-roh-roh-roh-roh (Me gusta esto, hombre)
A-rah-rah-rah-rah-rah
A-rah-rah-rah-rah-rah (B.I.G.)
Uh-roh-roh-roh-roh-roh (Bad Boy)
..."
2D9WT9MeG07a26kKU9IGEb,Trip to Valhalla,Dr. Peacock,hardcore,2,Trip to Valhalla,Dr. Peacock,en,"My mother told me
Someday I will buy
Galley with good oars
Sail to distant shores
Stand up on the prow
Noble barque I steer
Steady course to the haven
Hew many foemen
Hew many foemen

My mother told m..."
4GPQDyw9hC1DiZVh0ouDVL,Keep My Name Outta Your Mouth,The Black Keys,punk-rock,2,Keep My Name Outta Your Mouth,The Black Keys,en,"Cry to myself and hanging 'round
This old vessel that is, is running 'round
I seem to recall feeling serene
My hand on the hip of a, a beautiful being
And light in my eye and love in my heart
It went ..."
6eFahAdQgABBj1XOM99cBG,I Like It Like That (feat. New Boyz),Hot Chelle Rae,punk-rock,2,I Like It Like That,Hot Chelle Rae,en,"Let's get it on
Yeah, y'all can come along
Everybody drinks on me
Bought out the bar
Just to feel like I'm a star
Now I'm thanking the Academy
Missed my ride home
Lost my iPhone
I wouldn't have it any..."
3z3zAnQEhtEhbxSfpKCi1H,Memories of You,Last Child,punk-rock,2,Memories of You,Last Child (band),en,"I see the childish part of me
When I start losing my mine of you
And I try to run away from you
To hit back what You have done to me

And someday you will know the truth
You see me walk with someone n..."
0dFUaAHamG2p7Oh61tkHBP,This Town Ain't Big Enough For Both Of Us,Sparks,punk-rock,2,This Town Ain’t Big Enough for Both of Us,Sparks,en,"Zoo time, is she and you time
The mammals are your favourite type, and you want her, tonight
Heartbeat, increasing heartbeat
You hear the thunder of stampeding rhinos, elephants, and tacky tigers

Thi..."
0LSY3NePenK0VG7nRUTVk8,Missing You,All Time Low,punk-rock,2,Missing You,All Time Low,en,"I heard that you've been self-medicating
In the quiet of your room
Your sweet suburban tomb
And if you need a friend
I'll help you stitch up your wounds

I've heard that you've been having some troubl..."
5moTxUGPZXgGmosl4rIELm,Anarchy In The UK,Sex Pistols,punk-rock,2,Anarchy in the U.K.,Sex Pistols,en,"Right now

I am an Antichrist
I am an anarchist
Don't know what I want, but I know how to get it
I wanna destroy passersby

'Cause I wanna be anarchy
No dog's body

Anarchy for the U.K., it's coming s..."
37OjMlwuUVWWmVKrV8CiUQ,Stand Up,The Cab,punk-rock,2,Stand Up,The Cab,en,"They had tongues like guns
I had nowhere to run
Yeah, this world can get so lonely
Yeah, the paper and pen
Were my two best friends
'Cause the sad songs understood me
The irony that all my dreams were..."
1bYscy2XwW0fKJoNrALWP7,SONG SIX,Deathpact,club,2,SONG SIX,Deathpact,en,You don't make up for your sins in the church... You do it in the streets. You do it at home. The rest is bullshit...
0SSSffzPG01HyGPjFMgQMg,As Long As You're There,Glee Cast,club,2,As Long As You’re There,Glee Cast,en,"All my life I've waited for the right
Moment to let you know
I don't wanna let you go
But now I've realized
There's just no perfect time
To confess how I feel
This much I know is real

So I refuse to
..."
5kKmz3LyhG2Iqdqv67SFXl,Black Ops 2,Namasenda,club,2,Black Ops 2,Namasenda,en,"Look at me winnin' now, look at me winnin' now
Look at me winnin' now, look at me winnin' now
Look at me winnin' now
Look at me winnin' now, look at me winnin' now
Look at me winnin' now, look at me w..."
1FQdnxbsSJG2ZO4i30kEJU,Singing to the Sky,SWARM,club,2,Singing to the Sky,SWARM,en,"I give myself
My soul to keep
Match to a fire
Wolves to a sheep
Inside the prairie
The preacher lies
My shovels to bury
My demons inside

Where's the lullaby
When the moon forgets to come out at night..."
6G6mGMH3JSVHaby296gl5h,Not Like I Was Doing Anything,The Cat's Miaow,club,2,Not Like I Was Doing Anything,The Cat’s Miaow,en,"You didn't need to ask
You know you're always welcome here
It's good to hear your laugh
It really makes a difference
So tell me how you've been
Would you like a cup of tea
Yeah, I'm just the same
And ..."
2jgmFMBG5x4KlHxXbYrfUF,Castle Down a Dirt Road,The Magnetic Fields,club,2,Castle Down a Dirt Road,The Magnetic Fields,en,"Well, we failed at all the normal ways of doing things
Ways that wouldn't make our parents disown us
All those chemistry degrees just left us ruing things
So we played the numbers fate's dice had thro..."
1t0yaPngkHpryY7LmGVhNb,Clearer,Blueboy,club,2,Clearer,Blueboy (Band),en,"Don't restrict me
Don't restrict me
I can't take all your guilt
Don't whip me
Don't beat me
Don't stone me
I can't take much more of this
So let me live and let me love
I need love so bad
Let me be pl..."
46CRHxwDo4BmFjplAm6Z4d,MATTER,KLOUD,club,2,MATTER,GEN.KLOUD,en,"Would you listen please, 'cause I’m vexed (vexed)
Why don’t you do a peaceful protest, huh?
But don’t take a knee, show respect (show respect)
But we can take a knee to the neck, huh (hurr)
The ignora..."
1REX2q4Fverp8zH7KuSeZC,If I Die Young (Glee Cast Version),Glee Cast,club,2,If I Die Young,Glee Cast,en,"If I die young, bury me in satin
Lay me down on a bed of roses
Sink me in the river at dawn
Send me away with the words of a love song
Oh-oh, oh-ho
Lord make me a rainbow
I'll shine down on my mother
..."
2odJRoZ0Bx3aHvNa8hpNrD,BLOOD,KLOUD,club,2,BLOOD,GEN.KLOUD,en,"Tryna lose track of these sirens
Tryna make my way back to the silence
(Tryna make my way back to the silence)
You got a one-track mind like a drive-in
I can hear the graveyard sing, now you got me fl..."
2OVNYceLSQLy890RxjcUDk,Abyss,3FORCE,club,2,Abyss,3FORCE,en,"(Into the abyss)

I see the lights flickering above
I’m heading down to where I do not know
I’m still not sure what pushed me off the edge
Endlessly falling, heading into the abyss

When I hit the gro..."
0Qia3sEByGk9ELKGBRRvYF,High Tide,Eartheater,club,2,High Tide,Eartheater,en,"Water can put out flames
But nothing can stop this day

I feel a high tide in my eyes
Brimming at the sight of you
I feel a high tide in my chest
Ready to flood this house
Gush down the hallway
Crashi..."
6f32nGt3V27a8qHjEWJrOU,Light the Beacon,The Cat's Miaow,club,2,Light the Beacon,The Cat’s Miaow,en,"Sailing ships in the night
Lighthouses shine bright
They called on the light
To guide them through the storm
To take flight into the dawn
We waited by the shore
To see them all
The waves were at our f..."
3BP8hJTYC4PoL8TNTBtnbV,Let Me Love You (Until You Learn To Love Yourself) (Glee Cast Version),Glee Cast,club,2,Let Me Love You,Glee Cast,en,"Mmm, (Ahh)
Mmm, (Yeah)
Mmmmm, yeah, yeah, yeah
Ah, (Ahh)
Mmm, (Yeah)
Mmmmm, yeah, yeah
Uh
Baby, I just don't get it
Do you enjoy being hurt?
I know you smelled the perfume
The make-up on his shirt
You..."
0LlFpeFxoQD7pRHRphuDNX,Facety,Tygapaw,club,2,Blue face,Angel,en,Yeah I love you so much blue face I can't do nothing without you because I love you too much so please come to me so I can get you because I love you so much so please offer this rap music yeah cause ...
3R0uRYQu4aaBUg0BArJz8M,Like Me,Kelvin T,club,2,Know Me Like That,T.Y.,en,"You don't know me like that, you don't know me like that
You probably heard of me, you probably seen me before
But you don't know me like that
Nigga, you don't know me like that, no
You don't know me ..."
5tllnTsNNravC9cGifydo6,Bella Notte,Glee Cast,club,2,Bella Notte,Glee Cast,en,"Oh, this is the night
It's a beautiful night
And we call it bella notte

Look at the skies
They have stars in their eyes
On this lovely bella notte

Side-by-side with your loved one
You'll find enchan..."
1NdBLNUZSEpBEITAt08ZmM,It's My Life / Confessions Part II,Glee Cast,club,2,It’s My Life / Confessions Part II,Glee Cast,en,"This ain't a song for the broken hearted
No silent prayer for the faith departed

And I ain't gonna be just a face in the crowd
You're gonna hear my voice when I shout it out loud

(It's my life!)
It'..."
5FWoBviZ0S6pNT1x0u0oxU,Effeminacy,Sega Bodega,club,2,Effeminacy,Sega Bodega,en,"You don't own effeminacy, do you?
What does effeminacy mean to you?
I feel like a delicacy (Rare)
And you definitely must take me blue
Holding onto every word I swallow
As if I could make you feel les..."
4iTGIE1P09KoG0ODB8KoGt,Born This Way,Glee Cast,club,2,Born This Way,Glee Cast,en,"It doesn't matter if you love him, or capital H-I-M
Just put your paws up
'Cause you were born this way, baby

My mama told me when I was young
""We are all born superstars""
She rolled my hair and put ..."
6xt95LFkU8fAQr3CK4lpC9,Caribbean Rave,W&W,trance,2,Caribbean Rave,W&W,en,"Shake your bum bum on the boat
Lift your hands up like you're floatin'
This a Caribbean Rave
There are a million ways to be knowing this one
Shake your bum bum on the boat
Lift your hands up like you'..."
0c5nqQNIH07Lh16AOjqEPQ,Skydance,W&W,trance,2,Skydance,W&W,en,"No regrets, I'm falling
Won't hold back, I'm all in
And we're too far now to pull back
Even if I could, I don't want that
When I see you, it's electric
No I couldn't go unaffected
And it's too sweet n..."
0XHnYbXteyBDfVvk9EGaPu,Never Gonna Learn,Asking Alexandria,trance,2,Never Gonna Learn,Asking Alexandria,en,"How many times do I have to learn my lesson
Before I learn my lesson at all?
Somebody help me, please, tell me that I'm dreaming
I keep repeating my actions, expecting different reactions
But the same..."
07LzdQEfH1hu3RXM7JUqL7,Gratitude (ABGT480),Above & Beyond,trance,2,Gratitude (ABGT450),Above & Beyond,en,"There are moments in the day
When I just lose myself in sorrow and forget
How the sky has been much bluer
And my life just so much sweeter since we met

You make my day, with what you say
A world of c..."
1Q4jb2UjtWUDUojHsB8mLY,Split (Only U),Tiësto,trance,2,Split (Only U),Tiësto,en,"Move the crowd when the beat goes down
I rock the stage, they all know my sound (Woo)

I rock the stage, they all know my sound
Move the crowd when the beat goes down
I rock the stage, they all know m..."
2JtLVLcBKBoMoM3C8OMtu4,Will We Remain? - Spencer Brown Remix,Ilan Bluestone,trance,2,Will We Remain? (Spencer Brown Remix),​ilan Bluestone,en,"Will we remain?
Will our spark turn to fire?
My feelings have changed
Am I fighting in vain?
I heard the sound of the ocean
It was headed our way
Followed by thunder
The roar and the rain

My hope has..."
2L7qzGqRIWrLw2YDdB6azz,"Divine Moments of Truth - Astrix, Loud & The Lost Secret Door Remix",Shpongle,trance,2,"Divine Moments of Truth (Astrix, Loud & L.S.D. Remix)",Shpongle,en,"(Whispering)
(Fallen straight into our trap)
(Get out of here)
(Just get in here)
(Straight into our trap)
(Never get out of here)

The first thing that happens
Is that there is a sense though all the..."
7M44kAX5Li4d3uPhTopygZ,Scream,Blind Channel,trance,2,Scream,Blind Channel,en,"My hero, where did you go?
You still echo deep inside my bones
Still in denial, too much is missing
I hate that it's so final
Don't have nobody to blame
The tears will dry
Tomorow's another day
Let's ..."
4G58eym5EGj8ZG1qt8DXIx,Rhythm (Of The Night),Something Good,trance,2,Rhythm (Of The Night),Something Good (FIN),en,"Ooh-ooh
Oh yeah
This is the rhythm of the night
Oh yeah

Won't you teach me how to love and learn
There'll be nothing left for me to yearn
Think of me and burn, and let me hold your hand
I don't wanna..."
3f2WFDZHrY19p2uIa0K056,Hollows,Durs,trance,2,I - Hollow,Dusk (CA),en,"This reality is a shattered truth
Bathed in blissful hues of forgetful blues
A placating, peaceful palette
Where the sanguine past becomes obscured
In purple, orange glass
Zirconium hearts and pyrite ..."
2fQYA6cFN4ClfI4OmtpC98,Ritual - Benny Benassi & BB Team Remix,Tiësto,trance,2,Ritual (Benny Benassi & BB Team Remix),Tiësto,en,"Too high, too deep
It's you, it's me
Too wild, too free, oh, yeah
One thing to me
Three words, I speak
When you're with me, babe

Oh, come on, come on
However I act, you know how much I care
Come on, ..."
7GagmRhYjhBMBqdFcb1Vdt,Real Live,BROX,trance,2,Real Gone (Live from Brooklyn Bowl/2021),Sheryl Crow,en,"One, two, three, four

I'm American made, apple pie, Chevrolet
My mama taught me wrong from right
Well, I was born in the South
Sometimes I have a big mouth
When I see somethin' I don't like
Oh, I got..."
33qlBuVjeSlvQ4KNzvG9ai,God Is A Dancer - Toby Green Remix,Tiësto,trance,2,God Is a Dancer (Toby Green Remix),Tiësto,en,"God is a dancer, yeah, I heard on the radio
That she always goes harder
'Cause she keepin' you on your toes
And she's perfectly focused
She's lost in the moment
Ooh-I, ooh-I, ooh-I, yeah, ooh-I, yeah
..."
2WiW6RcpDaCivdk7cofdBA,Colour Me,Giuseppe Ottaviani,trance,2,Colour Me,Giuseppe Ottaviani,en,"The colors on your face
What are we but carbon?
I can leave no trace
But I can taste horizon
Down, down, down (aah)
(Aah)

Feeling now
Memories so profound
Nothing tasted
Nothing graced with
Memory ca..."
12zekfTE19F1o8kPAKieSa,You Can't Stop Me,Ferry Corsten,trance,2,You Can’t Stop Me,Ferry Corsten,en,"You can't stop me now, no-oh

Legends never break, they just learn to fight
We'll keep climbing up till we touch the sky
Hotter than sun, we keep burning bright
Higher than the moon, we always rise

Y..."
7zx2Nb2BTMOFelkvb4nNPB,This Is Who We Are,Dash Berlin,trance,2,This Is Who We Are,Dash Berlin,en,"We are the young ones drifting away our soul
Somewhere on the high line (High line)
We are the cold hearts lighting up as we go
Like it is the last time (Last time)
We're burning it down, we live to b..."
